Alpha,T1_Re0.500_M0.00_N9.0, , Alpha,T1_Re0.500_M0.00_N9.0, , Alpha,T1_Re0.500_M0.00_N9.0, , Alpha,T1_Re0.500_M0.00_N9.0, , Alpha,T1_Re0.500_M0.00_N9.0, , Alpha,T1_Re0.500_M0.00_N9.0, , Alpha,T1_Re0.500_M0.00_N9.0, , Alpha,T1_Re0.500_M0.00_N9.0, , Alpha,T1_Re0.500_M0.00_N9.0, , Alpha,T1_Re0.500_M0.00_N9.0, , Alpha,T1_Re0.500_M0.00_N9.0, , Alpha,T1_Re0.500_M0.00_N9.0, , Alpha,T1_Re0.500_M0.00_N9.0, , Alpha,T1_Re0.500_M0.00_N9.0, , Alpha,T1_Re0.500_M0.00_N9.0, , Alpha,T1_Re0.500_M0.00_N9.0, , Alpha,T1_Re0.500_M0.00_N9.0, , Alpha,T1_Re0.500_M0.00_N9.0, , Alpha,T1_Re0.500_M0.00_N9.0, , Alpha,T1_Re0.500_M0.00_N9.0, , 
           -5,      7.041022, ,            -5,     -2.159468, ,            -5,     -1.697999, ,            -5,    -0.5258794, ,            -5,     -62.51134, ,            -5,     -58.82654, ,            -5,      23.23134, ,            -5,      22.52459, ,            -5,      17.45863, ,            -5,     -60.15783, ,            -5,     0.5429723, ,            -5,     -5.862367, ,         -4.75,     -16.93997, ,            -5,     -26.87342, ,            -5,     -12.77263, ,          6.25,      36.47074, ,            -5,      1.035846, ,          -4.5,      3.301436, ,            -5,     -14.26404, ,            -5,     -2.072203, , 
        -4.75,      7.659993, ,         -4.75,    0.03568673, ,         -4.75,    -0.4425093, ,         -4.75,     0.6250066, ,         -4.75,     -61.91234, ,         -4.75,      -56.7815, ,         -4.75,      27.09479, ,         -4.75,      24.87061, ,         -4.75,      19.92163, ,         -4.75,     -60.52397, ,         -4.75,      1.483455, ,         -4.75,     -3.475059, ,          -4.5,      -17.9476, ,         -4.75,     -26.23785, ,         -4.75,     -11.29626, ,           6.5,      38.56803, ,         -4.75,      1.633037, ,         -4.25,      4.396098, ,         -4.75,     -17.80027, ,         -4.75,    -0.9988157, , 
         -4.5,       8.39707, ,          -4.5,      2.338184, ,          -4.5,      1.103657, ,          -4.5,      2.286302, ,          -4.5,     -60.22201, ,          -4.5,     -54.35361, ,          -4.5,      31.76948, ,          -4.5,      27.37263, ,          -4.5,      22.44962, ,          -4.5,     -60.99392, ,          -4.5,      2.540915, ,          -4.5,     -1.277002, ,         -4.25,     -18.50229, ,          -4.5,     -24.92539, ,          -4.5,     -9.948815, ,          6.75,      40.06218, ,          -4.5,      2.744562, ,            -4,      5.573002, ,         -4.25,     -17.38717, ,          -4.5,     0.0286216, , 
         -3.5,      14.84205, ,         -4.25,      4.781677, ,         -4.25,        2.6818, ,         -4.25,      4.277347, ,         -4.25,     -58.46028, ,         -4.25,     -52.51387, ,         -4.25,      34.08073, ,         -4.25,       29.9532, ,         -4.25,      25.04734, ,         -4.25,     -60.99424, ,         -4.25,      3.721131, ,         -4.25,      1.159031, ,            -4,      -18.6949, ,         -4.25,     -22.91331, ,         -4.25,       -8.6195, ,          7.25,      34.86407, ,         -4.25,      3.775701, ,         -3.75,      6.565415, ,            -4,     -15.26569, ,         -4.25,      1.098718, , 
        -3.25,      16.41617, ,            -4,      7.421307, ,            -4,      4.290235, ,            -4,      6.513336, ,            -4,     -56.35414, ,            -4,     -50.44494, ,            -4,      36.71404, ,            -4,      32.27789, ,            -4,      27.75359, ,            -4,     -60.45412, ,            -4,      5.040978, ,            -4,       3.90212, ,         -3.75,     -18.51475, ,            -4,     -20.95815, ,            -4,     -7.255058, ,           7.5,      36.76579, ,            -4,      4.888381, ,          -3.5,      7.740312, ,         -3.75,     -12.58582, ,            -4,      2.112868, , 
           -3,      17.94948, ,         -3.75,      10.29973, ,         -3.75,      6.024225, ,         -3.75,      8.922535, ,         -3.75,     -54.17912, ,         -3.75,     -47.88194, ,         -3.75,      39.61033, ,         -3.75,      35.69531, ,         -3.75,      30.54197, ,         -3.75,     -59.52104, ,         -1.25,      35.31251, ,         -3.75,      6.844601, ,          -3.5,     -17.98997, ,         -3.75,     -19.05395, ,         -3.75,     -5.860997, ,          7.75,      38.14428, ,         -3.75,      5.922571, ,         -3.25,       8.87656, ,          -3.5,     -9.557606, ,         -3.75,      2.973486, , 
        -2.75,      20.76654, ,          -3.5,      13.44337, ,          -3.5,      8.111209, ,          -3.5,      11.44457, ,          -3.5,     -51.77891, ,         -3.25,     -43.64692, ,          -3.5,      44.07392, ,          -3.5,      37.41016, ,          -3.5,      33.32073, ,          -3.5,      -56.6469, ,            -1,      38.00841, ,          -3.5,      9.642484, ,         -3.25,     -17.13671, ,          -3.5,     -17.13657, ,          -3.5,     -4.442907, ,             8,      33.92018, ,          -3.5,      7.045298, ,            -3,      10.07393, ,         -3.25,     -7.151436, ,          -3.5,      3.135947, , 
         -2.5,      25.19319, ,         -3.25,      16.51237, ,         -3.25,       9.31719, ,         -3.25,       14.0664, ,         -3.25,     -49.21449, ,            -3,     -40.66758, ,         -3.25,      46.67998, ,         -3.25,      40.02221, ,         -3.25,      35.69547, ,         -3.25,     -54.06638, ,         -0.75,      42.40975, ,         -3.25,      12.44441, ,            -3,     -15.96244, ,         -3.25,     -15.35483, ,         -3.25,     -3.000006, ,          8.25,      34.37667, ,         -3.25,      8.092739, ,         -2.75,      11.30711, ,            -3,     -4.361302, ,         -3.25,      3.255464, , 
        -0.75,      62.76942, ,            -3,      19.05302, ,            -3,      11.03403, ,            -3,       16.7508, ,            -3,     -47.52688, ,         -2.75,     -38.55057, ,            -3,      49.10139, ,            -3,      42.69895, ,            -3,      38.15992, ,            -3,      -51.2898, ,          -0.5,      45.94318, ,            -3,      15.34948, ,         -2.75,     -14.46733, ,            -3,     -13.71898, ,            -3,     -1.534079, ,           8.5,       33.8419, ,            -3,      9.194145, ,          -2.5,      12.47991, ,         -2.75,     -1.393287, ,            -3,      3.137274, , 
         -0.5,      67.29973, ,         -2.75,      22.19511, ,         -2.75,      12.74524, ,         -2.75,      19.44535, ,          -2.5,     -42.97501, ,          -2.5,     -34.95625, ,         -2.75,      52.66201, ,         -2.75,      45.34916, ,         -2.75,      40.88127, ,         -2.75,     -48.58536, ,         -0.25,      49.69389, ,         -2.75,      18.28491, ,          -2.5,     -12.65996, ,         -2.75,     -12.27639, ,         -2.75,   -0.04291676, ,          8.75,      33.05889, ,         -2.75,      10.34021, ,         -2.25,      13.58483, ,          -2.5,      1.921945, ,         -2.75,       2.55726, , 
          0.5,      87.97829, ,          -2.5,      25.34732, ,          -2.5,      14.36573, ,          -2.5,      22.09845, ,         -2.25,     -40.99311, ,         -2.25,      -31.9625, ,          -2.5,      56.64958, ,          -2.5,      48.72011, ,          -2.5,      43.59061, ,          -2.5,     -46.19248, ,             0,      53.27409, ,          -2.5,      21.06761, ,         -2.25,     -10.60728, ,          -2.5,     -9.109752, ,          -2.5,       1.46843, ,             9,      32.21996, ,          -2.5,       11.5018, ,            -2,      14.51792, ,         -2.25,      5.956188, ,          -2.5,      1.519383, , 
         0.75,       93.6505, ,         -2.25,      28.43396, ,         -2.25,      15.98077, ,         -2.25,      24.94507, ,            -2,     -38.24795, ,            -2,     -28.75011, ,         -2.25,      58.34412, ,         -2.25,      51.71394, ,         -2.25,      46.35298, ,         -2.25,     -44.76931, ,          0.25,      56.66325, ,         -2.25,      23.69486, ,            -2,     -8.388109, ,         -2.25,     -5.127221, ,         -2.25,      2.984378, ,          9.25,      31.37312, ,         -2.25,      12.66208, ,         -1.75,      14.65863, ,            -2,      10.26184, ,         -2.25,  -0.000407892, , 
            1,      97.99236, ,            -2,      31.43134, ,            -2,       17.6432, ,            -2,       27.9132, ,         -1.75,      -36.2189, ,         -1.75,     -25.71287, ,            -2,      61.52464, ,            -2,      54.33709, ,            -2,      49.23505, ,            -2,     -43.00526, ,           0.5,      59.83812, ,            -2,      26.87375, ,         -1.75,     -6.055633, ,         -1.75,      3.241911, ,            -2,      4.497139, ,           9.5,      30.51897, ,            -2,      13.75789, ,          -1.5,      14.86961, ,         -1.75,      14.58742, ,            -2,     -1.754742, , 
         1.25,      101.0658, ,         -1.75,      34.32797, ,         -1.75,      19.32167, ,         -1.75,      30.90059, ,          -1.5,     -32.47032, ,          -1.5,     -21.77371, ,         -1.75,      65.54476, ,         -1.75,      57.96596, ,         -1.75,      52.29496, ,         -1.75,     -41.51193, ,          0.75,      62.77492, ,         -1.75,      30.19051, ,          -1.5,     -3.605947, ,          -1.5,      7.596379, ,         -1.75,      6.012603, ,          9.75,      29.53353, ,         -1.75,      14.19205, ,         -1.25,      14.99316, ,          -1.5,      18.96769, ,         -1.75,     -1.966705, , 
          1.5,       103.417, ,          -1.5,      37.26275, ,          -1.5,      21.09226, ,          -1.5,       33.8978, ,         -1.25,     -28.89959, ,         -1.25,     -18.56504, ,          -1.5,      68.61986, ,          -1.5,      60.91369, ,          -1.5,      55.50726, ,          -1.5,     -39.35245, ,             1,      65.40997, ,          -1.5,      33.18167, ,         -1.25,      -1.02631, ,         -1.25,      11.92951, ,          -1.5,      7.484174, ,            10,      28.08947, ,          -1.5,      14.15172, ,            -1,      16.41279, ,         -1.25,       23.2719, ,          -1.5,     0.7510588, , 
         1.75,      111.2158, ,         -1.25,      40.15819, ,         -1.25,      22.67584, ,         -1.25,      36.90836, ,            -1,     -23.87519, ,            -1,     -15.19052, ,         -1.25,      72.40175, ,         -1.25,       64.6042, ,         -1.25,      59.03049, ,         -1.25,      -37.3796, ,          1.25,      67.63385, ,         -1.25,      35.74723, ,            -1,      1.616395, ,            -1,       16.2579, ,         -1.25,      9.256874, ,         10.25,      18.42432, ,         -1.25,      20.66201, ,         -0.75,      17.14463, ,            -1,      27.25454, ,         -1.25,     0.5952521, , 
            2,      114.8216, ,            -1,       42.9634, ,            -1,        23.816, ,            -1,      39.95113, ,         -0.75,     -19.44542, ,         -0.75,     -11.44009, ,            -1,       75.4215, ,            -1,      68.19619, ,            -1,      62.46179, ,            -1,     -34.44001, ,           1.5,      69.69467, ,            -1,      37.50626, ,         -0.75,      4.319518, ,         -0.75,      20.42589, ,            -1,       10.8811, ,          10.5,      17.36985, ,            -1,      24.95595, ,         -0.25,      18.51439, ,         -0.75,       31.3084, ,            -1,      3.262029, , 
         2.25,      118.1133, ,         -0.75,      45.70505, ,         -0.75,      24.79362, ,         -0.75,      42.99237, ,         -0.25,     -6.397219, ,          -0.5,     -7.600317, ,         -0.75,      79.26022, ,         -0.75,      71.28177, ,         -0.75,      65.21512, ,         -0.75,     -29.45493, ,          1.75,      71.48026, ,         -0.75,      39.69027, ,          -0.5,      7.123178, ,          -0.5,      25.05995, ,         -0.75,       12.4004, ,         10.75,      16.22451, ,         -0.75,      28.87236, ,             0,      21.65407, ,          -0.5,      36.09217, ,         -0.75,       4.33474, , 
          2.5,      118.7858, ,          -0.5,       47.4476, ,          -0.5,      26.43234, ,          -0.5,      46.06945, ,             0,   5.428605e-8, ,         -0.25,     -3.743848, ,          -0.5,      83.19555, ,          -0.5,      73.84181, ,          -0.5,      68.67394, ,          -0.5,      -21.7911, ,             2,      74.57029, ,          -0.5,      42.93268, ,         -0.25,      10.03728, ,         -0.25,       29.4727, ,          -0.5,      13.86498, ,            11,      14.97748, ,          -0.5,      30.87773, ,          4.75,      70.43676, ,         -0.25,      40.61687, ,          -0.5,      7.007326, , 
         2.75,      119.1799, ,         -0.25,      50.29142, ,         -0.25,      28.45893, ,         -0.25,      49.21497, ,          0.25,      6.397243, ,             0,   2.612272e-7, ,         -0.25,      87.47003, ,         -0.25,      77.42477, ,         -0.25,      71.57764, ,         -0.25,     -11.32027, ,          2.25,      82.73448, ,             0,      43.45512, ,             0,      13.00476, ,             0,       33.7932, ,         -0.25,      15.15261, ,         11.25,      13.69179, ,         -0.25,      35.44316, ,             5,      72.25683, ,             0,      45.00551, ,         -0.25,      9.643592, , 
            3,      119.1656, ,             0,      53.11371, ,             0,      30.45391, ,             0,      51.69058, ,          0.75,      19.44555, ,          0.25,      3.743849, ,             0,      91.79941, ,             0,        81.215, ,             0,      74.89189, ,             0,  -1.554416e-6, ,           2.5,      84.81831, ,           0.5,      42.30648, ,          0.25,      16.04042, ,          0.25,      38.49173, ,             0,      16.01045, ,          11.5,      12.27864, ,             0,      37.14046, ,          5.25,      74.39875, ,          0.25,      49.51109, ,             0,      10.14341, , 
         3.25,      118.5516, ,          0.25,      55.79594, ,          0.25,      33.07014, ,          0.25,      53.35338, ,             1,      23.87559, ,           0.5,      7.600329, ,          0.25,      96.37151, ,          0.25,      86.09088, ,          0.25,      78.31577, ,          0.25,      11.32017, ,          2.75,      87.92734, ,          0.75,      44.59634, ,           0.5,      19.25035, ,           0.5,      43.03529, ,          0.25,       16.5548, ,         11.75,      10.90169, ,          0.25,      40.85556, ,           5.5,      76.94642, ,           0.5,      53.93266, ,          0.25,      15.05283, , 
          3.5,      117.1525, ,           0.5,      58.69336, ,           0.5,      35.57642, ,           0.5,      56.22497, ,          1.25,      28.89993, ,          0.75,      11.44013, ,           0.5,      103.7331, ,           0.5,      92.17718, ,           0.5,       81.4364, ,           0.5,      21.79127, ,          3.25,       94.0465, ,          1.25,      48.86925, ,          0.75,       23.0981, ,          0.75,      47.46071, ,           0.5,      17.87896, ,            12,      9.295999, ,           0.5,      43.67905, ,          5.75,      96.81448, ,          0.75,      58.11726, ,           0.5,      19.49932, , 
         3.75,      116.4145, ,          0.75,      61.85017, ,          0.75,      37.47043, ,          0.75,      59.49802, ,           1.5,      32.47132, ,             1,       15.1906, ,          0.75,      107.6861, ,          0.75,      95.80166, ,          0.75,      84.91423, ,          0.75,      29.45435, ,           3.5,      96.25356, ,           1.5,      50.56245, ,             1,      26.92242, ,             1,      51.65286, ,          0.75,      19.34427, ,         12.25,      7.994459, ,          0.75,      45.28076, ,             6,       101.098, ,             1,      62.50831, ,          0.75,      21.64602, , 
            4,      117.1158, ,             1,      65.13124, ,             1,      38.95523, ,             1,      62.00157, ,          1.75,      36.21989, ,          1.25,      18.56526, ,             1,      111.3759, ,             1,      99.71607, ,             1,      88.67786, ,             1,       34.4406, ,          3.75,      98.65287, ,          1.75,       52.2195, ,          1.25,      31.48673, ,          1.25,      56.68175, ,             1,      20.79985, ,          12.5,      7.240964, ,             1,      44.82796, ,          6.25,      106.8079, ,          1.25,      66.95623, ,             1,      21.68431, , 
         4.25,      117.6771, ,          1.25,      68.67887, ,          1.25,      40.30593, ,          1.25,      64.16954, ,             2,      38.24995, ,           1.5,      21.77378, ,          1.25,      116.0602, ,          1.25,      103.4329, ,          1.25,      91.69479, ,          1.25,      37.38007, ,          4.25,      107.0532, ,             2,      54.50849, ,           1.5,      37.66142, ,           1.5,      61.54371, ,          1.25,      22.24418, ,         12.75,      6.783493, ,          1.25,      47.55548, ,           6.5,      109.2755, ,           1.5,      70.92462, ,          1.25,      21.50218, , 
          4.5,      118.0943, ,           1.5,      71.28136, ,           1.5,      41.98887, ,           1.5,      65.39716, ,          2.25,      40.99524, ,          1.75,      25.71321, ,           1.5,      120.5047, ,           1.5,      106.2309, ,           1.5,      94.68431, ,           1.5,      39.35409, ,           4.5,       108.435, ,          2.25,      58.58062, ,          1.75,      41.65279, ,          1.75,      66.20719, ,           1.5,      23.65197, ,            13,       6.46025, ,           1.5,      49.92726, ,          6.75,      103.7738, ,          1.75,      74.37647, ,           1.5,      24.60989, , 
         4.75,      118.3771, ,          1.75,      74.46798, ,          1.75,      44.12065, ,          1.75,      71.85705, ,           2.5,       42.9758, ,             2,       28.7509, ,          1.75,       123.814, ,          1.75,      108.0297, ,          1.75,      98.00819, ,          1.75,      41.51379, ,          4.75,      109.6185, ,          2.75,      64.05198, ,             2,      43.70438, ,             2,      70.29302, ,          1.75,      25.04128, ,         13.25,      6.205709, ,          1.75,      51.90717, ,             7,      90.43447, ,          2.25,      84.71003, ,          1.75,      27.44026, , 
            5,      118.5427, ,             2,      77.74557, ,             2,      46.73377, ,             2,      74.97737, ,             3,      47.53102, ,          2.25,        31.963, ,             2,       126.975, ,             2,      110.8926, ,             2,      101.2316, ,             2,      43.00836, ,             5,       110.539, ,             3,      66.32087, ,          2.25,      46.38107, ,          2.25,      76.41642, ,             2,      26.41243, ,          13.5,      5.996649, ,             2,      53.55556, ,          7.25,        71.621, ,          2.75,      95.45518, ,             2,      30.32021, , 
         5.25,      118.6161, ,          2.25,      81.34829, ,          2.25,       49.7178, ,          2.25,      78.92965, ,          3.25,      49.22062, ,           2.5,      34.95787, ,          2.25,      129.0705, ,          2.25,      114.2128, ,          2.25,      105.2497, ,          2.25,      44.77235, ,          5.25,      110.9709, ,          3.25,      68.66797, ,           2.5,      49.06799, ,           2.5,      82.74199, ,          2.25,      27.81277, ,         13.75,      5.821528, ,          2.25,      54.88835, ,           7.5,      59.13363, ,             3,      100.6583, ,          2.25,      33.47469, , 
          5.5,      118.6702, ,           2.5,      85.46725, ,           2.5,      52.82141, ,           2.5,      80.96025, ,           3.5,      51.78556, ,          2.75,      38.55235, ,           2.5,      130.5653, ,           2.5,       119.792, ,           2.5,      108.8292, ,           2.5,      46.19747, ,           5.5,      110.6626, ,           3.5,      70.56427, ,          2.75,      50.29066, ,          2.75,      86.74724, ,           2.5,      29.23766, ,            14,       5.67531, ,           2.5,      57.66441, ,          7.75,      52.25347, ,          3.25,      100.8848, ,           2.5,      36.46318, , 
         5.75,      118.6375, ,          2.75,      89.10372, ,          2.75,      55.90094, ,          2.75,      81.60815, ,          3.75,      54.18521, ,             3,      40.67079, ,          2.75,      132.9858, ,          2.75,      122.8818, ,          2.75,      112.7588, ,          2.75,      48.59083, ,          5.75,      108.4758, ,          3.75,       71.4755, ,             3,      50.93488, ,             3,      88.93923, ,          2.75,      30.95684, ,         14.25,      5.564665, ,          2.75,       60.4161, ,             8,      45.43203, ,           3.5,      100.8309, ,          2.75,      33.52511, , 
            6,      118.3475, ,             3,      93.61972, ,             3,      58.98044, ,             3,       82.1144, ,             4,      56.36401, ,          3.25,      43.65051, ,             3,      135.3785, ,             3,      126.1747, ,             3,      117.6531, ,             3,      51.29733, ,             6,      107.0071, ,             4,      72.46574, ,          3.25,       54.9067, ,          3.25,      90.18013, ,             3,       32.4447, ,          14.5,      5.606387, ,             3,      63.00553, ,          8.25,      39.74848, ,          3.75,      98.76983, ,             3,      37.19249, , 
         6.25,      117.6916, ,          3.25,      97.66326, ,          3.25,      62.59309, ,          3.25,      82.42517, ,          4.25,      58.46981, ,          3.75,      47.88744, ,          3.25,      137.9821, ,          3.25,      128.9568, ,          3.25,      120.4007, ,          3.25,      54.07391, ,          6.25,      106.5138, ,          4.25,      73.55388, ,          3.75,      62.97574, ,           3.5,      83.06766, ,          3.25,      33.58029, ,         14.75,      5.533319, ,          3.25,      65.24941, ,          8.75,      32.07532, ,             4,      93.76127, ,          3.25,      40.66032, , 
          6.5,      116.5585, ,           3.5,      100.6328, ,           3.5,      66.19756, ,           3.5,      82.49863, ,           4.5,      60.23472, ,             4,      50.45131, ,           3.5,      140.5752, ,           3.5,      130.4137, ,           3.5,      121.5183, ,           3.5,      56.65718, ,           6.5,      107.0413, ,           4.5,      74.74665, ,             4,      66.69935, ,             4,      70.62789, ,           3.5,      33.92146, ,            15,      5.425868, ,           3.5,       68.2404, ,             9,      31.27078, ,          4.25,      90.76631, ,           3.5,      43.82637, , 
         6.75,      114.8774, ,          3.75,       103.278, ,          3.75,      70.12027, ,          3.75,      83.21028, ,          4.75,      61.92381, ,          4.25,       52.5208, ,          3.75,      142.4023, ,          3.75,      131.9431, ,          3.75,      122.3594, ,          3.75,      59.52411, ,          6.75,      107.4487, ,          4.75,      76.03144, ,          4.25,      70.36732, ,          4.25,      69.94523, ,          3.75,      32.22906, ,         15.25,      5.342177, ,          3.75,      71.88079, ,          9.25,      30.28323, ,           4.5,      87.57113, ,          3.75,       47.0483, , 
            7,      112.3137, ,             4,       105.548, ,             4,       74.7411, ,             4,      84.29649, ,             5,      62.52565, ,           4.5,      54.36284, ,             4,      143.4904, ,             4,      133.5133, ,             4,      122.8544, ,             4,      60.45697, ,             7,      107.7383, ,             5,       77.3743, ,           4.5,      74.13896, ,           4.5,       68.5597, ,             4,      33.51868, ,          15.5,      5.294729, ,             4,       75.3116, ,           9.5,      29.02274, ,          4.75,      85.51921, ,             4,      50.14888, , 
         7.25,      112.1941, ,          4.25,      107.2285, ,          4.25,       75.5085, ,          4.25,      85.41024, ,          5.25,      63.22471, ,          4.75,      56.79186, ,          4.25,      144.9565, ,          4.25,        135.26, ,          4.25,      122.4161, ,          4.25,      60.99728, ,          7.25,      107.8959, ,          5.25,      78.70532, ,          4.75,      77.72551, ,          4.75,       67.9336, ,          4.25,      34.76161, ,         15.75,      5.304087, ,          4.25,      78.92238, ,          9.75,      27.46344, ,             5,      81.73559, ,          4.25,      53.12478, , 
          7.5,      111.9245, ,           4.5,       108.771, ,           4.5,      80.65467, ,           4.5,      86.97174, ,           5.5,      62.87679, ,             5,       58.8361, ,           4.5,      146.4223, ,           4.5,      136.6412, ,           4.5,       121.435, ,           4.5,      60.99789, ,           7.5,      107.9009, ,           5.5,      79.67805, ,             5,      80.67072, ,             5,      65.34976, ,           4.5,      35.95344, ,            16,       5.38404, ,           4.5,      81.82649, ,            10,      25.99353, ,          5.25,      78.50174, ,           4.5,      53.35021, , 
         7.75,      111.4579, ,          4.75,      109.2566, ,          4.75,      82.04911, ,          4.75,      89.18352, ,          5.75,      62.35262, ,          5.25,       60.5718, ,          4.75,      147.7452, ,          4.75,      137.1385, ,          4.75,      119.4587, ,          4.75,      60.52815, ,          7.75,       107.706, ,          5.75,      80.67906, ,          5.25,      82.57228, ,          5.25,      63.03398, ,          4.75,      37.07468, ,         16.25,      5.418399, ,          4.75,      84.61377, ,         10.25,      24.75522, ,          5.75,      62.49379, ,          4.75,      50.96106, , 
            8,      110.8048, ,             5,      111.2393, ,             5,      82.46344, ,             5,      91.23318, ,             6,      61.85667, ,           5.5,         62.45, ,             5,      147.8986, ,             5,      137.6698, ,             5,      117.7159, ,             5,      60.16136, ,             8,      106.5317, ,             6,      81.75271, ,           5.5,      78.48186, ,           5.5,      62.49553, ,             5,      38.13414, ,          16.5,      4.979759, ,             5,      99.34705, ,          10.5,       23.7621, ,             6,      59.91212, ,             5,      58.24365, , 
         8.25,      110.0465, ,          5.25,      110.7598, ,          5.25,      82.22585, ,          5.25,       93.3725, ,          6.25,      61.94769, ,          5.75,      64.26084, ,          5.25,      148.4765, ,          5.25,       137.792, ,          5.25,      114.0162, ,          5.25,       59.4948, ,          8.25,      104.3444, ,          6.25,      82.72621, ,          5.75,      68.72925, ,          5.75,      62.53171, ,          5.25,       39.1494, ,         16.75,      5.094741, ,          5.25,      111.0015, ,         10.75,      23.02346, ,          6.25,      57.20391, ,          5.25,      61.75273, , 
          8.5,      109.4294, ,           5.5,      111.1038, ,           5.5,      80.15944, ,           5.5,       95.4899, ,           6.5,      61.36197, ,             6,      65.49276, ,           5.5,      148.6599, ,           5.5,      136.9391, ,           5.5,      111.2981, ,           5.5,      58.71548, ,           8.5,      98.65422, ,           6.5,      83.56828, ,             6,      67.52052, ,             6,      62.28175, ,           5.5,      40.11194, , , , ,           5.5,      116.4209, ,            11,      22.49307, ,           6.5,      54.16417, ,           5.5,      63.40414, , 
         8.75,      108.7499, ,          5.75,      110.5176, ,          5.75,      76.78677, ,          5.75,       97.4089, ,          6.75,      58.68682, ,          6.25,       66.4684, ,          5.75,      147.8142, ,          5.75,      136.2696, ,          5.75,      107.0014, ,          5.75,      58.91801, ,          8.75,      91.95276, ,          6.75,      84.36333, ,          6.25,      67.95547, ,          6.25,       61.3285, ,          5.75,      41.00852, , , , ,          5.75,      115.8471, ,         11.25,       22.1061, ,          6.75,      50.68248, ,          5.75,      65.75567, , 
            9,      107.4826, ,             6,       109.719, ,             6,      71.80331, ,             6,      98.97228, ,             7,      58.81742, ,           6.5,      67.06209, ,             6,      147.0778, ,             6,       134.584, ,          6.25,      101.2987, ,             6,      58.03515, ,             9,      87.74519, ,             7,      85.08141, ,           6.5,      67.86316, ,           6.5,       60.2699, ,             6,      41.83946, , , , ,             6,      107.8438, ,          11.5,      21.80175, ,             7,      46.53157, ,             6,      67.58387, , 
         9.25,      105.2208, ,          6.25,      109.0063, ,          6.25,      65.74714, ,          6.25,      100.3394, ,          7.25,      58.46989, ,          6.75,      67.32064, ,          6.25,      146.0389, ,          6.25,      131.8644, ,           6.5,      97.99096, ,          6.25,      55.80046, ,          9.25,      83.14184, ,          7.25,      85.71328, ,          6.75,      67.90776, ,          6.75,      58.99754, ,          6.25,      42.60774, , , , ,          6.25,      100.8524, ,         11.75,      21.56067, ,          7.25,      40.94048, ,          6.25,       66.6876, , 
          9.5,      102.4935, ,           6.5,       106.855, ,           6.5,      59.59737, ,           6.5,      101.6853, ,           7.5,      58.10185, ,             7,      66.73594, ,           6.5,      143.2824, ,           6.5,      129.7515, ,          6.75,      94.40391, ,           6.5,      55.68004, ,           9.5,       78.9961, ,           7.5,      86.23326, ,             7,      68.27102, ,             7,      57.32439, ,           6.5,      43.33102, , , , ,           6.5,      92.61896, ,            12,      21.46856, ,           7.5,      39.49481, ,           6.5,      65.93373, , 
         9.75,      99.91493, ,             7,      100.8012, ,          6.75,       54.4697, ,          6.75,      102.9928, ,          7.75,      57.92873, ,          7.25,      65.92128, ,          6.75,      141.7727, ,          6.75,      125.8947, ,             7,      89.86952, ,          6.75,      54.87895, ,          9.75,      74.19422, ,          7.75,       86.5111, ,          7.25,      68.59702, ,          7.25,      54.16405, ,          6.75,      43.96514, , , , ,          6.75,      82.47073, ,         17.25,      6.883608, ,         13.25,      5.051709, ,          6.75,      63.41552, , 
           10,      98.71969, ,          7.25,      96.45617, ,             7,       49.4888, ,             7,      104.2398, ,             8,      56.74953, ,           7.5,      65.66098, ,             7,      138.7684, ,             7,      122.7535, ,          7.25,      88.30173, ,             7,      54.06055, ,            10,      71.12618, ,             8,      86.34914, ,           7.5,      68.60061, ,           7.5,      49.84464, ,             7,      44.63807, , , , ,             7,      71.28319, ,          17.5,      6.368117, ,          13.5,      4.898408, ,          7.25,      49.37329, , 
        10.25,      97.07775, ,           7.5,      90.84258, ,          7.25,      45.32268, ,          7.25,      105.4077, ,          8.25,      53.27308, ,          7.75,      64.63849, ,          7.25,      134.9552, ,          7.25,      119.2061, ,           7.5,      84.41444, ,          7.25,      53.29658, ,          11.5,      38.58048, ,          8.25,      85.64203, ,          7.75,      69.39807, ,          7.75,      42.98726, ,          7.25,      45.45036, , , , ,          7.25,      61.56847, ,         17.75,      5.832901, ,         13.75,      4.772894, ,           7.5,      42.32972, , 
         10.5,      94.82624, ,          7.75,      85.36399, ,           7.5,      42.15099, ,           7.5,      106.4698, ,           8.5,      53.70502, ,             8,      62.87102, ,           7.5,       132.298, ,           7.5,       113.103, ,          7.75,      80.74149, ,           7.5,      51.94155, ,         11.75,       35.5233, ,           8.5,      84.21719, ,             8,      70.15706, ,            13,      5.387064, ,           7.5,      46.33943, , , , ,           7.5,      53.33072, ,            18,      4.992087, ,            14,      4.688442, ,          8.25,      27.21588, , 
        10.75,       91.1272, ,             8,      80.93155, ,          7.75,      39.55801, ,          7.75,      107.4023, ,          8.75,      53.28426, ,          8.25,      62.94259, ,          7.75,      126.7071, ,          7.75,      109.9273, ,             8,      77.96782, ,          7.75,      45.38859, ,            12,      30.97115, ,          8.75,      81.70946, ,          8.25,      70.69642, ,         13.25,      5.192018, ,          7.75,      47.20494, , , , ,          7.75,      46.49835, ,         18.25,      4.725049, ,         14.25,      4.645692, ,           8.5,      24.67556, , 
           11,      85.95555, ,          8.25,      77.10555, ,             8,      36.40467, ,             8,      108.1881, ,             9,      52.49012, ,           8.5,      62.59328, ,             8,      123.1979, ,             8,      104.3462, ,          8.25,      73.74073, ,             8,      46.53451, ,         12.25,      28.48983, ,             9,      79.15184, ,           8.5,      68.24753, ,          13.5,      5.035535, ,             8,      47.90033, , , , ,             8,      40.72033, ,          18.5,      4.594603, ,          14.5,      4.577258, ,          8.75,      24.59114, , 
        11.25,      82.94206, ,           8.5,      73.50534, ,          8.25,      33.26057, ,          8.25,      108.7739, ,          9.25,       51.6456, ,          8.75,      62.04398, ,          8.25,      117.9667, ,          8.25,      99.38966, ,           8.5,      72.55432, ,          8.25,      46.43308, ,          12.5,      26.96704, ,          9.25,      76.70156, ,          8.75,      64.71829, ,         13.75,      4.911877, ,          8.25,      48.84395, , , , ,          8.25,       36.0663, ,         18.75,      4.463368, ,         14.75,      4.492458, ,             9,      24.54307, , 
         11.5,      79.75567, ,          8.75,      70.10697, ,           8.5,      30.32825, ,           8.5,      108.9985, ,           9.5,       50.8205, ,             9,      61.18086, ,           8.5,      112.6663, ,           8.5,      95.40342, ,          8.75,       70.3702, ,           8.5,      44.88542, ,         12.75,      25.88264, ,           9.5,      74.20825, ,             9,      62.12284, ,            14,      4.820715, ,           8.5,      50.27821, , , , ,             9,      30.20579, ,            19,      4.337324, ,            15,      4.401524, ,          9.25,      24.49013, , 
        11.75,      73.74827, ,             9,      67.04416, ,          8.75,      29.08647, ,          8.75,      108.0165, ,          9.75,      49.84275, ,          9.25,      59.52465, ,          8.75,      108.1341, ,          8.75,      89.71288, ,             9,      66.84089, ,          8.75,      42.88922, ,            13,       24.8434, ,          9.75,      72.34372, ,          9.25,      60.23318, ,         14.25,       4.75994, ,          8.75,      63.66459, , , , ,          9.25,      29.13957, ,         19.25,      4.045109, ,         15.25,      4.320962, ,           9.5,      24.38335, , 
           12,      67.41432, ,          9.25,      63.94681, ,             9,      28.39098, ,             9,      98.22958, ,            10,      48.03044, ,           9.5,      55.97227, ,             9,      101.0186, ,             9,      86.67928, ,          9.25,      65.05108, ,             9,      40.47734, ,         13.25,      23.91304, ,            10,      71.99194, ,           9.5,      54.38974, ,          14.5,      4.581995, ,             9,      71.15911, , , , ,           9.5,      27.82866, ,          19.5,      3.954022, ,          15.5,      4.257185, ,          9.75,      24.19543, , 
        12.25,      59.61482, ,           9.5,      60.73861, ,          9.25,      27.48486, ,          9.25,      87.43635, ,         10.25,      43.32539, ,          9.75,      55.84972, ,          9.25,      96.80215, ,          9.25,      83.13504, ,           9.5,       63.0325, ,          9.25,       37.7622, ,          13.5,      22.56548, ,         10.25,      68.89363, ,          9.75,      51.81643, ,         14.75,      4.445083, ,          9.25,      73.39897, , , , ,          9.75,      26.32628, ,         19.75,      3.872535, ,         15.75,      4.208806, ,            10,      23.93301, , 
         12.5,      52.01868, ,          9.75,      57.58149, ,           9.5,      27.15507, ,           9.5,      79.15426, ,          10.5,      41.31574, ,            10,      55.40312, ,           9.5,      89.41317, ,           9.5,      77.64984, ,          9.75,      60.24377, ,           9.5,      34.74885, ,         14.25,       18.5253, ,          10.5,      65.10315, ,            10,      49.34381, ,            15,      4.291759, ,           9.5,      74.23135, , , , ,            10,      25.03629, ,            20,      3.798693, ,            16,      4.177379, ,         10.25,      23.45261, , 
        12.75,      45.12944, ,            10,      54.94486, ,          9.75,      26.64319, ,          9.75,      72.91776, ,         10.75,      41.40307, ,         10.25,      54.65804, ,          9.75,      83.90343, ,          9.75,      74.90514, ,            10,      58.34381, ,          9.75,        31.453, ,          14.5,      18.14084, ,         10.75,      62.73513, ,         10.25,      45.81584, ,         15.25,      4.167484, ,          9.75,      73.34881, , , , ,         10.25,      23.97183, , , , ,         16.25,      4.241385, ,          10.5,      22.99615, , 
           13,      39.53677, ,          10.5,      50.16156, ,            10,      26.20125, ,            10,      66.21245, ,            11,      41.04124, ,          10.5,      53.78215, ,            10,      78.52305, ,            10,      70.17934, ,         10.25,      57.47368, ,            10,      28.02539, ,         14.75,      17.77509, ,            11,       61.7338, ,          10.5,      37.53756, ,          15.5,      4.095932, ,            10,      72.10408, , , , ,          10.5,      23.14307, , , , , , , ,         10.75,      22.52095, , 
        13.25,      34.78938, ,         10.75,      48.85228, ,         10.25,      25.83063, ,         10.25,      62.13623, ,         11.25,       40.0404, ,         10.75,      52.97073, ,         10.25,      72.13746, ,         10.25,       67.0557, ,          10.5,      56.07358, ,         10.25,      24.41716, ,            15,      17.39228, ,         11.25,      60.43469, , , , ,         15.75,      4.048237, ,         10.25,      67.60716, , , , ,         10.75,      22.54428, , , , , , , ,            11,      22.01346, , 
         13.5,      30.91734, ,            11,       47.1794, ,          10.5,      25.47467, ,          10.5,      59.06441, ,          11.5,      38.65703, ,            11,      52.24889, ,          10.5,      66.94217, ,          10.5,      62.12592, ,         10.75,      53.61944, ,          10.5,      21.40711, ,         15.25,      16.94793, ,          11.5,       58.6835, , , , ,            16,      4.033955, ,          10.5,       63.0883, , , , ,            11,      22.11625, , , , , , , ,         11.25,      21.47392, , 
        13.75,      27.74181, ,         11.25,      44.99178, ,         10.75,      25.10682, ,         10.75,      54.90743, ,         11.75,      37.03805, ,         11.25,      51.32715, ,         10.75,      62.29874, ,         10.75,      59.24516, ,            11,      51.80822, ,         10.75,       18.9249, ,          15.5,      16.31494, ,         11.75,      54.79244, , , , ,         16.25,      3.952008, ,         12.75,       16.6978, , , , ,         11.25,      21.80094, , , , , , , ,          11.5,      20.88369, , 
           14,      25.02477, ,          11.5,      42.33735, ,            11,      24.69532, ,            11,      51.23841, ,            12,      35.22269, ,          11.5,      50.02777, ,            11,       57.8176, ,            11,      55.26092, ,         11.25,      50.26602, ,            11,      16.48923, ,         15.75,      12.87464, ,            12,      51.51451, , , , ,          16.5,       3.89136, ,            13,      15.01183, , , , ,          11.5,      21.54684, , , , , , , ,         11.75,       20.2835, , 
        14.25,      22.62481, ,         11.75,       41.5317, ,         11.25,      24.18373, ,         11.25,      46.56728, ,         12.25,       33.2318, ,         11.75,      47.51159, ,         11.25,      54.65036, ,         11.25,      53.29787, ,          11.5,      48.37377, ,         11.25,       13.7901, ,            16,      12.57069, ,         12.25,      48.70953, , , , ,         16.75,      3.827133, ,          13.5,      12.29376, , , , ,         11.75,      21.35579, , , , , , , ,            12,      19.82146, , 
         14.5,      20.60887, ,            12,      40.42988, ,          11.5,      23.53581, ,          11.5,      43.60907, ,          12.5,      31.06612, ,            12,      43.48434, ,          11.5,      51.63506, ,          11.5,      50.66801, ,         11.75,      46.73592, ,          11.5,      7.789467, ,         16.25,      12.31778, ,         12.75,      42.65776, , , , ,            17,      3.771394, ,         13.75,      11.21039, , , , ,         15.75,      10.52059, , , , , , , ,         12.75,      19.05054, , 
        14.75,      18.81567, ,         12.25,      39.01702, ,         11.75,      22.95789, ,         11.75,       38.8464, ,         12.75,      28.73721, ,         12.25,      43.13599, ,         11.75,      48.40827, ,         11.75,      48.58018, ,            12,      45.84601, ,         11.75,      6.637773, ,          16.5,      12.09473, ,            13,      40.56728, , , , ,         17.25,      3.738281, ,            14,      10.24685, , , , ,            16,      9.753535, , , , , , , ,            13,      19.26173, , 
           15,       17.3043, ,          12.5,      37.60166, ,            12,      22.40238, ,            12,      36.67744, ,            13,      26.23997, ,          12.5,      42.50436, ,            12,        46.174, ,            12,      45.75402, ,         12.25,      44.50314, ,            12,       6.00162, ,         16.75,      11.88971, ,         13.25,      37.27067, , , , ,          17.5,      3.722342, ,         14.25,      9.423424, , , , ,         16.25,      9.047629, , , , , , , ,         13.25,      19.51803, , 
        15.25,      15.94812, ,         12.75,      36.04827, ,         12.25,      21.83104, ,         12.25,       35.4517, ,         13.25,      23.61398, ,         12.75,      41.56625, ,         12.25,      43.51615, ,         12.25,      43.82025, ,          12.5,      42.64165, ,          12.5,      4.912164, ,            17,      11.69492, ,          13.5,      35.55777, , , , ,         17.75,      3.702628, ,          14.5,      8.684609, , , , ,          16.5,      8.406524, , , , , , , ,          13.5,      20.42996, , 
         15.5,      14.80001, ,            13,      33.84243, ,          12.5,      21.14836, ,          12.5,      34.15866, ,          13.5,      20.87533, ,            13,      40.31861, ,          12.5,      41.20974, ,          12.5,      41.77485, ,         12.75,      41.39801, ,         12.75,      4.749094, ,         17.25,      11.50626, ,         13.75,      34.22536, , , , ,            18,      3.656435, ,         14.75,      8.014991, , , , ,         16.75,      7.821513, , , , , , , ,         19.75,      3.673187, , 
        15.75,      13.76686, ,         13.25,      31.64454, ,         12.75,      20.46331, ,          13.5,       23.6132, ,         13.75,      18.12848, ,         13.25,      38.83191, ,         12.75,      39.31363, ,         12.75,      39.89533, ,            13,      40.02644, ,            13,       4.61096, ,          17.5,      11.31662, ,            14,      33.10726, , , , ,         18.25,      3.601201, ,            15,      7.426034, , , , ,            17,      7.282045, , , , , , , ,            20,       3.58366, , 
           16,      12.87347, ,          13.5,       30.9365, ,            13,      19.85114, ,         13.75,      23.03134, ,            14,      15.44988, ,          13.5,      37.17634, ,            13,      37.04863, ,            13,      37.90083, ,         13.25,      38.24829, ,         13.25,      4.493051, ,         17.75,      11.11383, ,         14.25,      31.93465, , , , ,          18.5,      3.547896, ,         15.25,      7.245624, , , , ,         17.25,       6.77223, , , , , , , , , , , 
        16.25,      12.20328, ,         13.75,      30.04952, ,         13.25,      19.26026, ,            14,      22.44493, ,         14.25,      12.91225, ,         13.75,       35.4137, ,         13.25,       34.9837, ,         13.25,      36.41589, ,          13.5,       37.0486, ,          13.5,      4.391143, , , , ,         14.75,       28.1088, , , , ,         18.75,      3.517976, ,          15.5,        7.1183, , , , ,          17.5,       6.26493, , , , , , , , , , , 
         16.5,      11.64952, ,            14,      28.95772, ,          13.5,      18.58639, ,         14.25,       21.8315, ,          14.5,      10.51178, ,            14,      33.57912, ,          13.5,       33.1831, ,          13.5,      35.10182, ,         13.75,      36.46157, ,         13.75,       4.30193, , , , ,            15,      26.95985, , , , ,            19,       3.49347, ,         15.75,      7.080689, , , , ,         17.75,      5.736787, , , , , , , , , , , 
        16.75,      11.23526, ,         14.25,      27.93989, ,         13.75,      17.97941, ,          14.5,      21.11421, ,            15,      4.371749, ,         14.25,      31.67397, ,         13.75,      31.08149, ,         13.75,      33.33368, ,            14,      35.61059, ,            14,      4.223723, , , , ,         15.25,      26.05767, , , , ,         19.25,      3.473461, ,            16,      7.026208, , , , ,            18,      4.934735, , , , , , , , , , , 
           17,      10.90764, ,          14.5,      26.95055, ,            14,        17.468, ,            15,      23.70628, ,            16,       3.68914, ,          14.5,      29.71509, ,            14,      29.13526, ,            14,      32.22653, ,         14.25,      34.27129, ,         14.25,      4.155775, , , , ,          15.5,      25.21205, , , , ,          19.5,      3.458176, ,         16.25,      6.790112, , , , ,         18.25,      4.661494, , , , , , , , , , , 
        17.25,      10.56085, ,         14.75,      25.84921, ,         14.25,      16.97174, ,         15.25,      22.48992, ,         16.25,      3.641778, ,         14.75,      27.72748, ,         14.25,      27.40461, ,         14.25,      30.98753, ,          14.5,      32.84671, ,          14.5,      4.103607, , , , ,         15.75,      24.27176, , , , ,         19.75,       3.45121, ,          16.5,      6.454502, , , , ,          18.5,      4.529132, , , , , , , , , , , 
         17.5,      10.14783, ,            15,      24.86474, ,          14.5,      16.40188, ,            16,      17.17589, ,          16.5,      3.602019, ,            15,      25.74599, ,          14.5,      25.67134, ,          14.5,      29.75182, ,         14.75,      31.79858, ,         14.75,      4.073025, , , , ,            16,      20.90567, , , , , , , ,            17,      6.720378, , , , ,         18.75,      4.395139, , , , , , , , , , , 
        17.75,      9.826486, ,         15.25,      23.85701, ,         14.75,      15.84109, ,         16.25,      16.45849, ,         16.75,      3.570982, ,         15.25,      23.71862, ,         14.75,      24.17884, ,         14.75,      28.76442, ,            15,      30.64554, ,            15,        4.0628, , , , ,         16.25,      19.93054, , , , , , , ,         17.25,      6.683789, , , , ,            19,      4.268704, , , , , , , , , , , 
           18,      9.588127, ,          15.5,      22.71406, ,            15,      15.34608, ,          16.5,      15.95663, ,            17,      3.549821, ,          15.5,      21.73049, ,            15,       22.7237, ,            15,      27.46214, ,         15.25,      29.32874, ,         15.25,      3.857442, , , , ,          16.5,      19.26756, , , , , , , ,          17.5,      6.657765, , , , , , , , , , , , , , , , , 
        18.25,      9.357111, ,         15.75,      21.56302, ,         15.25,      14.89875, ,         16.75,      15.49957, ,         17.25,      3.541536, ,         15.75,      19.82574, ,         15.25,      21.37917, ,         15.25,      26.41537, ,          15.5,      28.47833, ,          15.5,      3.795237, , , , ,         16.75,      18.70388, , , , , , , ,         17.75,      6.635718, , , , , , , , , , , , , , , , , 
         18.5,      9.132956, ,            16,      20.20092, ,          15.5,      14.53039, ,            17,      11.59962, ,          17.5,      3.547414, ,            16,      18.00153, ,          15.5,      20.09319, ,          15.5,      25.40134, ,         15.75,        27.798, ,         15.75,      3.738034, , , , ,            17,      18.18522, , , , , , , ,            18,      6.615485, , , , , , , , , , , , , , , , , 
        18.75,      8.941711, ,         16.25,      18.81934, ,         15.75,      14.27833, ,         17.25,      11.28598, ,         17.75,      3.412908, ,         16.25,      16.31373, ,         15.75,      19.18494, ,         15.75,      24.07602, ,            16,      26.87892, ,            16,      3.685125, , , , ,         17.25,      17.64407, , , , , , , ,         18.25,      6.594497, , , , , , , , , , , , , , , , , 
           19,      8.698478, ,          16.5,      18.26476, ,            16,      14.00793, ,          17.5,      11.10569, ,            18,      3.380765, ,          16.5,      14.77648, ,            16,       18.3496, ,            16,      23.07631, ,         16.25,      25.57741, ,         16.25,      3.636235, , , , ,          17.5,      16.92134, , , , , , , ,          18.5,      6.574168, , , , , , , , , , , , , , , , , 
        19.25,      8.536304, ,         16.75,      17.63094, ,         16.25,      13.77685, ,         17.75,      10.97383, ,         18.25,      3.351511, ,         16.75,      13.36424, ,         16.25,      17.46559, ,         16.25,      21.75038, ,          16.5,      24.62489, ,          16.5,      3.590985, , , , ,         17.75,       14.3505, , , , , , , ,         18.75,      6.548377, , , , , , , , , , , , , , , , , 
         19.5,       8.40057, ,            17,      17.06961, ,          16.5,       13.5364, ,            18,      10.84264, ,          18.5,      3.323439, ,            17,       12.0626, ,          16.5,      16.62406, ,          16.5,      20.36468, ,         16.75,      23.74517, ,         16.75,        3.5492, , , , ,            18,      13.82883, , , , , , , ,            19,      6.516704, , , , , , , , , , , , , , , , , 
        19.75,      8.271052, ,         17.25,      16.43548, ,         16.75,      13.26511, ,         18.25,      10.70843, ,         18.75,      3.295992, ,         17.25,      10.86844, ,         16.75,      15.81476, ,         16.75,      19.27317, ,            17,      22.73762, ,            17,       3.51221, , , , ,         18.25,      13.37387, , , , , , , ,         19.25,      6.478754, , , , , , , , , , , , , , , , , 
           20,      8.141701, ,          17.5,      15.80083, ,            17,      12.93644, ,          18.5,      10.58134, ,            19,      3.268986, ,          17.5,      9.760077, ,            17,      15.01167, ,            17,      18.23637, ,         17.25,      21.73734, ,         17.25,      3.478442, , , , ,          18.5,      12.88282, , , , , , , ,          19.5,      6.380621, , , , , , , , , , , , , , , , , 
, , ,         17.75,       15.1992, ,         17.25,      12.66008, ,         18.75,      10.48302, ,         19.25,      3.242302, ,         17.75,      8.692864, ,         17.25,      14.31137, ,         17.25,      17.57861, ,          17.5,      21.15629, ,          17.5,      3.458953, , , , ,            19,      8.436644, , , , , , , ,         19.75,      6.348656, , , , , , , , , , , , , , , , , 
, , ,            18,      14.53092, ,          17.5,      12.39349, ,            19,      10.39793, ,          19.5,      3.216331, ,            18,      7.274654, ,          17.5,      13.60638, ,          17.5,      16.90817, ,         17.75,      20.64221, ,         17.75,      3.448418, , , , ,         19.25,      8.370218, , , , , , , ,            20,        6.3312, , , , , , , , , , , , , , , , , 
, , ,         18.25,      13.95455, ,         17.75,      12.13572, ,         19.25,       10.3012, ,         19.75,      3.189595, ,         18.25,      3.366831, ,         17.75,      13.01852, ,         17.75,       16.1227, ,            18,      19.86746, ,            18,      3.444996, , , , ,          19.5,       8.30763, , , , , , , , , , , , , , , , , , , , , , , , , , 
, , ,          18.5,      13.32098, ,            18,      11.85821, ,          19.5,      10.22098, ,            20,      3.173704, ,          18.5,      3.331699, ,            18,      12.42411, ,            18,      15.45712, ,         18.25,      19.06705, ,         18.25,      3.444437, , , , ,         19.75,      8.244989, , , , , , , , , , , , , , , , , , , , , , , , , , 
, , ,         18.75,      12.76571, ,         18.25,      11.56414, ,         19.75,       10.1207, , , , ,         18.75,      3.292195, ,         18.25,      11.94114, ,         18.25,      14.92449, ,          18.5,      18.18202, ,          18.5,       3.34908, , , , ,            20,        8.1732, , , , , , , , , , , , , , , , , , , , , , , , , , 
, , ,            19,      12.17446, ,          18.5,      11.30778, ,            20,      9.952148, , , , ,            19,      3.259336, ,          18.5,      11.46939, ,          18.5,      14.40147, ,         18.75,      17.49893, ,         18.75,      3.317951, , , , , , , , , , , , , , , , , , , , , , , , , , , , , , , , 
, , ,         19.25,      11.63764, ,         18.75,      11.06582, , , , , , , ,         19.25,      3.233923, ,         18.75,      11.07402, ,         18.75,      13.86588, ,            19,      16.90136, ,            19,       3.28823, , , , , , , , , , , , , , , , , , , , , , , , , , , , , , , , 
, , ,          19.5,      11.08544, ,            19,      10.82427, , , , , , , ,          19.5,      3.212048, ,            19,       10.7497, ,            19,      13.19465, ,         19.25,      16.18378, ,         19.25,      3.259679, , , , , , , , , , , , , , , , , , , , , , , , , , , , , , , , 
, , ,         19.75,      10.58906, ,         19.25,      10.53509, , , , , , , ,         19.75,      3.192819, ,         19.25,      10.44343, ,         19.25,      12.35086, ,          19.5,      15.48864, ,          19.5,      3.232051, , , , , , , , , , , , , , , , , , , , , , , , , , , , , , , , 
, , ,            20,      10.07124, ,          19.5,      10.27363, , , , , , , ,            20,      3.175849, ,          19.5,      10.18753, ,          19.5,      11.92983, ,         19.75,      14.90887, ,         19.75,      3.205256, , , , , , , , , , , , , , , , , , , , , , , , , , , , , , , , 
, , , , , ,         19.75,      10.03083, , , , , , , , , , ,         19.75,      9.960897, ,         19.75,      11.61986, ,            20,      14.41071, ,            20,      3.179212, , , , , , , , , , , , , , , , , , , , , , , , , , , , , , , , 
, , , , , ,            20,      9.783346, , , , , , , , , , ,            20,      9.745114, ,            20,      11.30302, , , , , , , , , , , , , , , , , , , , , , , , , , , , , , , , , , , , , , 

